{
    "width": 640,
    "height": 480,
    "intrinsic_matrix": [
        380.71978759765625,
        0,
        0,
        0,
        380.3029479980469,
        0,
        314.1136474609375,
        241.4718475341797,
        1
    ]
}