{
    "width": 640,
    "height": 480,
    "intrinsic_matrix": [
        380.30548095703125,
        0,
        0,
        0,
        379.88909912109375,
        0,
        314.1136474609375,
        241.4718475341797,
        1
    ]
}