{
    "width": 640,
    "height": 480,
    "intrinsic_matrix": [
        380.4090576171875,
        0,
        0,
        0,
        379.9925537109375,
        0,
        314.1136474609375,
        241.4718475341797,
        1
    ]
}